{"alpha": [1, 1, 22.338699999999786], "beta": [1, 1, 20.836499999999937]}